{
  "videoId": "Gb8AZbpnzy4",
  "bpm": 125,
  "countInBeats": 16,
  "beats": [
    9.737143, 10.217233625, 10.69732425, 11.177414875, 11.6575055, 12.137596125,
    12.61768675, 13.097777375, 13.577868, 14.05773625, 14.5376045, 15.01747275,
    15.497340999999999, 15.97720925, 16.4570775, 16.93694575, 17.416814,
    17.895190624999998, 18.37356725, 18.851943875, 19.3303205, 19.808697125,
    20.287073749999998, 20.765450375, 21.243827, 21.723768125, 22.20370925,
    22.683650375, 23.1635915, 23.643532625, 24.12347375, 24.603414875,
    25.083356, 25.564081625, 26.044807249999998, 26.525532875, 27.0062585,
    27.486984125, 27.96770975, 28.448435375, 28.929161, 29.409161, 29.889161,
    30.369161, 30.849161, 31.329161, 31.809160999999996, 32.289161, 32.769161,
    33.249161, 33.729161, 34.209160999999995, 34.689161, 35.169161, 35.649161,
    36.129160999999996, 36.609161, 37.089161, 37.569161, 38.049161, 38.529161,
    39.009161, 39.489160999999996, 39.969161, 40.449161, 40.931020374999996,
    41.41287975, 41.894739125, 42.3765985, 42.858457875, 43.34031725,
    43.822176625000004, 44.304036, 44.781451000000004, 45.258866000000005,
    45.736281000000005, 46.213696, 46.691111, 47.168526, 47.645941, 48.123356,
    48.603990875, 49.08462575, 49.565260625, 50.0458955, 50.526530375,
    51.00716525, 51.487800125, 51.968435, 52.4470745, 52.925714, 53.4043535,
    53.882993, 54.3616325, 54.840272, 55.3189115, 55.797551, 56.284903375,
    56.77225575, 57.259608125, 57.7469605, 58.234312875, 58.72166525,
    59.209017625, 59.69637, 60.168292, 60.640214, 61.112136, 61.584058,
    62.055980000000005, 62.527902000000005, 62.999824000000004, 63.471746,
    63.952108875, 64.43247175, 64.912834625, 65.3931975, 65.873560375,
    66.35392325000001, 66.834286125, 67.314649, 67.798382875, 68.28211675,
    68.765850625, 69.2495845, 69.73331837500001, 70.21705225000001,
    70.70078612500001, 71.18452, 71.667853875, 72.15118775, 72.634521625,
    73.1178555, 73.601189375, 74.08452325, 74.567857125, 75.051191,
    75.525211625, 75.99923225, 76.473252875, 76.9472735, 77.421294125,
    77.89531475, 78.369335375, 78.843356, 79.323718875, 79.80408175,
    80.284444625, 80.7648075, 81.245170375, 81.72553325000001,
    82.20589612500001, 82.686259, 83.16662175, 83.6469845, 84.12734725,
    84.60771, 85.08807275000001, 85.5684355, 86.04879825, 86.529161,
    87.008072625, 87.48698425, 87.965895875, 88.4448075, 88.923719125,
    89.40263075, 89.88154237500001, 90.360454, 90.83791425000001, 91.3153745,
    91.79283475, 92.270295, 92.74775525000001, 93.2252155, 93.70267575,
    94.180136, 94.663401375, 95.14666675000001, 95.62993212500001,
    96.11319750000001, 96.596462875, 97.07972825, 97.562993625, 98.046259,
    98.5251705, 99.00408200000001, 99.4829935, 99.961905, 100.4408165,
    100.91972799999999, 101.3986395, 101.877551, 102.356598625, 102.83564625,
    103.31469387499999, 103.7937415, 104.272789125, 104.75183675,
    105.23088437499999, 105.709932, 106.19015875, 106.6703855, 107.15061225,
    107.630839, 108.11106575, 108.5912925, 109.07151925, 109.551746,
    110.03210887499999, 110.51247175, 110.992834625, 111.4731975, 111.953560375,
    112.43392324999999, 112.914286125, 113.394649, 113.8735605, 114.352472,
    114.8313835, 115.310295, 115.7892065, 116.268118, 116.74702950000001,
    117.225941, 117.708208625, 118.19047625, 118.67274387500001, 119.1550115,
    119.63727912499999, 120.11954675, 120.601814375, 121.084082,
    121.56508112499999, 122.04608024999999, 122.527079375, 123.0080785,
    123.489077625, 123.97007675, 124.451075875, 124.932075, 125.411962875,
    125.89185075, 126.37173862499999, 126.8516265, 127.331514375,
    127.81140224999999, 128.291290125, 128.771178, 129.250925875, 129.73067375,
    130.21042162499998, 130.6901695, 131.169917375, 131.64966525,
    132.12941312499999, 132.609161, 133.09104775, 133.5729345, 134.05482125,
    134.536708, 135.01859475, 135.5004815, 135.98236825, 136.464255,
    136.940191375, 137.41612775000002, 137.89206412500002, 138.3680005,
    138.843936875, 139.31987325, 139.795809625, 140.271746, 140.75378325,
    141.2358205, 141.71785775, 142.199895, 142.68193225, 143.1639695,
    143.64600675, 144.128044, 144.60886125, 145.0896785, 145.57049575,
    146.051313, 146.53213025, 147.0129475, 147.49376475, 147.974582,
    148.455399375, 148.93621675, 149.417034125, 149.8978515, 150.37866887500002,
    150.85948625, 151.340303625, 151.821121, 152.30035162500002, 152.77958225,
    153.258812875, 153.7380435, 154.21727412500002, 154.69650475, 155.175735375,
    155.654966, 156.132426375, 156.60988675, 157.087347125, 157.5648075,
    158.042267875, 158.51972825000001, 158.997188625, 159.474649, 159.95210925,
    160.4295695, 160.90702975, 161.38449, 161.86195025, 162.33941049999999,
    162.81687075, 163.294331, 163.776145125, 164.25795925, 164.739773375,
    165.2215875, 165.703401625, 166.18521575, 166.667029875, 167.148844,
    167.62657637499998, 168.10430875, 168.582041125, 169.0597735, 169.537505875,
    170.01523824999998, 170.492970625, 170.970703, 171.45514749999998,
    171.939592, 172.4240365, 172.908481, 173.3929255, 173.87736999999998,
    174.3618145, 174.846259, 175.3251705, 175.804082, 176.2829935, 176.761905,
    177.2408165, 177.719728, 178.19863949999998, 178.677551, 179.157913875,
    179.63827675, 180.118639625, 180.59900249999998, 181.079365375,
    181.55972825, 182.040091125, 182.520454, 182.9993655, 183.478277,
    183.9571885, 184.4361, 184.9150115, 185.393923, 185.87283449999998,
    186.351746, 186.82707475, 187.3024035, 187.77773224999999, 188.253061,
    188.72838975000002, 189.2037185, 189.67904725, 190.154376, 190.6362355,
    191.118095, 191.59995450000002, 192.081814, 192.5636735, 193.045533,
    193.52739250000002, 194.009252, 194.491701, 194.97415, 195.456599,
    195.939048, 196.421497, 196.903946, 197.386395, 197.868844, 198.34920675,
    198.8295695, 199.30993225, 199.79029500000001, 200.27065775, 200.7510205,
    201.23138325, 201.711746, 202.193560125, 202.67537425, 203.157188375,
    203.6390025, 204.120816625, 204.60263075, 205.084444875, 205.566259,
    206.03210925, 206.4979595, 206.96380975, 207.42966, 207.89551025,
    208.3613605, 208.82721075
  ],
  "actions": [
    {
      "beatIndex": 19,
      "poseId": "leftHandUp",
      "activeJoints": ["left_arm"]
    },
    {
      "beatIndex": 23,
      "poseId": "rightHandUp",
      "activeJoints": ["right_arm"]
    },
    {
      "beatIndex": 27,
      "poseId": "bothHandsUp",
      "activeJoints": ["left_arm", "right_arm"]
    },
    {
      "beatIndex": 31,
      "poseId": "leftHandUp",
      "activeJoints": ["left_arm"]
    },
    {
      "beatIndex": 35,
      "poseId": "rightHandUp",
      "activeJoints": ["right_arm"]
    },
    {
      "beatIndex": 39,
      "poseId": "bothHandsUp",
      "activeJoints": ["left_arm", "right_arm"]
    },
    {
      "beatIndex": 43,
      "poseId": "leftHandUp",
      "activeJoints": ["left_arm"]
    },
    {
      "beatIndex": 47,
      "poseId": "rightHandUp",
      "activeJoints": ["right_arm"]
    },
    {
      "beatIndex": 51,
      "poseId": "bothHandsUp",
      "activeJoints": ["left_arm", "right_arm"]
    },
    {
      "beatIndex": 55,
      "poseId": "leftHandUp",
      "activeJoints": ["left_arm"]
    },
    {
      "beatIndex": 59,
      "poseId": "rightHandUp",
      "activeJoints": ["right_arm"]
    },
    {
      "beatIndex": 63,
      "poseId": "bothHandsUp",
      "activeJoints": ["left_arm", "right_arm"]
    },
    {
      "beatIndex": 67,
      "poseId": "leftHandUp",
      "activeJoints": ["left_arm"]
    },
    {
      "beatIndex": 71,
      "poseId": "rightHandUp",
      "activeJoints": ["right_arm"]
    },
    {
      "beatIndex": 75,
      "poseId": "bothHandsUp",
      "activeJoints": ["left_arm", "right_arm"]
    },
    {
      "beatIndex": 79,
      "poseId": "leftHandUp",
      "activeJoints": ["left_arm"]
    },
    {
      "beatIndex": 83,